A,B,C,D,E
41.64,11.12,27.25,26.46,59.07
41.51,11.02,27.58,26.79,58.71
#N/A,#N/A,#N/A,#N/A,#N/A
42.22,11.21,27.47,26.93,59.07
42.98,11.31,27.25,26.75,60.38
42.73,11.21,27.25,26.24,59.29
42.66,11.15,27.47,26.02,58.05
42.85,11.15,27.91,26.53,58.27
42.47,10.92,27.58,25.99,57.32
42.47,10.95,29.45,26.17,57.61
42.73,10.92,31.42,25.95,58.56
42.73,10.98,33.07,25.99,59.07
40.69,10.65,31.31,25.15,56.96
40.94,10.75,33.4,25.3,59.44
41.39,10.75,33.84,26.21,62.35
40.94,10.69,33.84,26.46,62.21
40.69,10.65,34.06,27.41,61.33
42.73,11.05,33.95,27.48,62.28
42.85,10.95,33.07,27.12,61.99
42.53,10.79,34.17,26.64,61.99
41.9,10.59,33.84,26.97,61.19
42.22,10.52,33.18,26.64,60.68
41.26,10.39,33.73,26.86,59.14
41.32,10.29,33.51,26.61,60.02
39.86,9.67,32.96,25.48,58.49
39.47,9.7,32.19,24.39,56.88
39.28,9.73,31.53,24.6,57.61
39.6,9.87,33.62,25,59.36
38.84,9.93,32.96,24.24,59.66
38.9,9.8,33.18,23.95,57.9
39.79,10.06,33.62,24.6,58.34
39.79,10,33.84,24.9,58.34
39.54,9.8,32.52,23.8,57.03
39.47,9.67,31.97,22.89,55.79
38.58,9.5,31.21,22.46,54.62
36.48,9.21,30,22.13,52.95
36.29,9.21,28.9,21.87,51.34
36.09,9.41,29.89,22.42,53.82
33.73,9.08,27.91,21.69,51.41
32.01,9.21,29.78,21.58,51.85
32.84,9.27,30.55,22.09,55.06
33.16,9.44,30.55,22.53,56.81
33.73,9.93,31.1,22.89,57.54
32.91,9.73,30.55,22.53,56.88
32.33,9.47,29.78,21.77,55.43
33.16,9.8,30.88,22.42,56.52
33.1,9.64,30.88,22.35,56.37
32.27,9.34,30.11,21.58,54.7
32.33,9.21,30.99,21.4,52.07
31.63,9.08,30.11,20.82,48.93
32.4,9.17,30.33,21.47,49.74
33.42,9.41,31.1,22.13,50.39
34.44,9.57,31.1,22.46,50.9
34.75,9.67,31.1,22.78,50.61
#N/A,#N/A,#N/A,#N/A,#N/A
35.39,9.87,31.42,22.82,50.76
34.95,9.83,31.64,22.46,50.76
35.65,9.9,31.75,22.71,52.36
35.14,9.83,32.08,22.46,52.07
34.31,9.73,31.86,22.06,51.85
34.31,9.6,31.42,22.09,53.53
33.1,9.44,30.33,22.17,51.63
33.86,9.47,29.89,22.02,51.12
33.16,9.37,29.45,21.47,50.61
32.97,9.44,28.79,20.96,51.05
32.2,9.24,28.24,20.67,49.52
32.52,9.27,28.35,20.71,49.66
33.03,9.41,28.35,21.18,50.61
34.24,9.57,30.11,21.47,51.85
35.07,9.67,29.23,21.36,52.14
35.07,9.67,29.34,22.35,52
35.9,9.77,29.34,22.64,51.78
35.71,9.77,29.23,22.82,52.87
35.98,9.8,29.45,22.31,54.04
37.3,10.11,29.45,22.67,55.86
38.29,10.04,29.56,22.17,54.91
38.75,10.08,29.01,21.8,53.16
37.89,10.01,28.57,21.33,53.6
38.02,10.04,29.01,21.8,55.79
38.09,10.08,30.66,21.62,57.25
37.63,9.97,30.44,21.33,56.01
38.15,9.97,32.19,21.84,55.06
38.09,10.08,32.96,22.42,54.11
36.17,10.04,32.41,22.27,52.51
36.77,9.94,31.31,22.42,51.92
37.69,9.84,31.1,22.46,52.14
37.23,9.67,31.42,22.09,52.58
37.89,9.87,31.31,22.38,53.6
38.22,9.8,31.21,22.57,53.16
38.62,9.74,31.31,21.98,53.6
38.29,9.8,30.77,21.87,54.33
38.88,9.77,30.99,22.2,55.21
39.54,9.84,30.88,22.49,54.77
39.34,9.77,30.33,22.09,53.75
39.67,9.7,30.44,21.98,53.24
39.08,9.6,30.11,21.55,53.97
39.67,9.6,31.1,21.58,55.13
39.67,9.53,30.88,21.4,54.11
39.61,9.46,30.88,21.07,53.6
39.61,9.43,31.31,21,53.75
39.94,9.5,30.55,21.18,55.28
39.94,9.43,30.11,21.04,54.62
40.66,9.36,30.66,20.6,53.97
40.73,9.19,30.33,20.38,54.33
39.67,8.92,29.67,19.87,52.73
40.53,9.02,29.45,20.13,52.58
40.6,8.89,29.23,20.35,52.14
40.93,8.89,28.57,20.35,53.38
40.79,8.85,27.58,20.13,51.63
40.93,8.82,28.24,20.02,52
41.52,8.99,27.58,20.27,52.51
41.39,9.09,28.35,21.26,53.75
41.65,9.06,28.24,21.11,53.38
41.98,8.95,28.79,21.07,52.8
42.18,9.02,28.13,21.15,52.58
42.25,9.02,28.46,21.87,53.02
42.84,9.12,28.57,22.13,52.29
44.23,9.33,28.79,22.24,52
44.03,9.5,28.79,22.17,52.14
44.09,9.43,28.57,22.42,52.74
44.16,9.33,28.57,22.24,53.04
44.36,9.4,28.35,22.27,52.89
44.62,9.36,28.35,22.27,52.59
44.82,9.43,28.57,22.27,54.47
#N/A,#N/A,#N/A,#N/A,#N/A
44.89,9.43,28.57,22.6,54.47
44.82,9.33,28.35,22.13,53.64
45.08,9.36,28.46,22.2,53.27
45.15,9.36,28.46,22.71,53.72
44.75,9.36,29.67,23.88,54.47
45.15,9.43,29.56,23.58,54.02
45.22,9.43,28.57,23.8,53.72
44.56,9.4,28.57,23.18,53.49
43.83,9.33,28.46,23.04,53.34
43.83,9.46,28.46,23.4,54.39
43.7,9.46,28.46,23.26,54.39
43.43,9.5,28.46,22.35,54.17
42.44,9.46,28.13,22.06,54.54
41.12,9.26,27.91,21.77,54.09
42.18,9.19,27.91,21.87,56.19
44.03,9.33,28.13,22.31,57.92
44.49,9.29,27.58,22.46,57.4
43.96,9.09,27.25,21.98,57.32
43.57,9.09,27.25,21.91,57.02
44.56,9.23,28.46,21.77,59.95
44.49,9.06,28.02,21.18,60.47
45.02,9.12,28.24,21.44,61.37
45.61,9.43,28.68,21.84,61.9
46.21,9.43,28.35,22.38,61.6
46.21,9.4,28.24,22.38,62.27
45.88,9.84,28.68,22.6,61.75
45.02,9.91,28.68,22.24,61.15
46.21,9.8,29.34,22.35,61.6
46.34,9.84,28.9,22.24,61.07
46.21,9.8,28.68,22.31,60.02
46.47,10.11,28.9,22.53,61.97
47.92,10.49,29.01,22.67,61.97
48.65,10.31,28.35,22.2,63.02
49.18,10.35,28.46,22.31,63.02
48.45,10.35,28.79,22.09,63.47
47.99,10.25,28.57,22.02,63.25
47.13,9.94,28.24,21.66,61.9
46.93,10.11,28.57,21.11,60.85
47.86,10.18,28.35,21.22,60.77
47,10.14,28.35,21.26,61.45
46.47,10.01,28.13,21.18,63.47
46.34,10.01,28.24,21.26,63.4
46.34,10.25,28.57,21.84,64.9
46.01,10.08,28.57,22.2,63.92
46.14,9.97,28.9,21.98,64.9
45.61,10.21,29.12,22.57,68.65
45.35,10.14,28.79,22.17,70.07
44.89,10.28,28.9,22.42,70.07
44.82,10.28,29.12,22.2,70.15
45.81,10.45,29.45,22.27,69.4
45.88,10.96,30,21.98,68.65
46.01,11.17,30.66,21.84,71.28
46.67,11.17,30.77,22.09,76.15
46.8,11.06,30.88,22.38,76.53
46.67,10.96,30.99,22.42,76.53
47.06,11.37,30.76,21.87,81.78
46.73,11.1,31.99,21.91,81.4
46.34,11.03,32.43,22.57,83.28
46.47,10.93,31.65,22.31,79.9
47.46,11.06,31.76,22.57,79.53
47.13,11.17,31.54,22.86,79.53
47.13,11.37,31.76,22.57,80.65
46.87,11.2,31.43,22.24,75.78
47.2,11.2,31.65,22.31,77.65
47,11.13,31.54,22.17,78.03
47.2,11.1,32.65,22.27,83.28
47.13,11.06,31.99,22.24,80.65
47.53,11.06,31.99,22.06,82.15
47.46,11.03,32.54,22.09,81.4
47.39,10.93,31.88,21.95,78.03
47.33,11,31.76,22.06,78.4
47.99,11.1,31.88,22.06,81.03
47.92,11.03,32.1,22.09,80.28
47.79,11.03,32.32,21.98,83.65
47.2,10.59,31.43,21.87,81.78
47.46,10.83,31.54,21.77,79.53
47.06,10.83,30.99,21.47,79.9
47.2,11.03,30.88,21.11,81.78
47.86,11.34,31.65,21.18,87.41
47.92,11.34,31.54,21.36,87.78
47.92,11.3,31.54,21.33,86.28
48.12,11.37,31.65,21.22,87.03
48.38,11.74,32.21,20.96,87.41
49.38,12.12,32.99,21,86.28
51.49,12.29,33.1,21.66,88.16
51.49,12.02,33.99,21.18,87.78
51.09,11.91,33.54,20.78,89.66
51.49,11.85,33.65,20.82,88.53
51.95,11.85,34.87,20.89,87.78
52.08,11.85,34.32,21.22,89.66
52.15,12.26,33.76,21.04,88.91
53.14,12.32,33.87,21.07,90.41
#N/A,#N/A,#N/A,#N/A,#N/A
#N/A,#N/A,#N/A,#N/A,#N/A
#N/A,#N/A,#N/A,#N/A,#N/A
#N/A,#N/A,#N/A,#N/A,#N/A
#N/A,#N/A,#N/A,#N/A,#N/A
#N/A,#N/A,#N/A,#N/A,#N/A
56.83,11.98,33.54,20.53,88.91
55.91,11.57,32.76,20.09,87.78
53.73,11.34,32.87,19.65,86.28
52.61,11.03,33.21,19.14,83.65
53.6,11.17,34.21,19.36,86.28
55.25,11.03,34.1,19.29,88.16
55.78,11.1,34.32,19.58,86.28
56.64,11,32.43,19.8,87.03
57.56,11.17,32.43,19.73,91.53
57.56,11.1,32.99,19.4,92.28
57.56,10.83,32.32,19.04,92.66
55.91,10.49,32.32,18.78,87.41
56.31,10.55,32.54,19.07,90.78
56.57,10.49,32.65,19.58,93.03
#N/A,#N/A,#N/A,#N/A,#N/A
55.91,10.76,33.21,19.65,99.41
53.14,10.52,32.87,19.29,102.04
55.58,10.69,33.43,19.73,102.79
56.31,10.83,33.32,19.84,104.66
55.18,10.62,33.32,19.44,102.79
55.25,10.55,32.99,19.69,102.04
54.92,10.31,32.43,19.69,101.66
53.47,10.01,31.21,19.44,98.66
53.47,10.11,30.88,19.29,99.04
54.46,9.94,32.21,18.78,99.04
53.6,9.74,31.1,17.73,92.28
55.38,9.6,31.54,17.91,96.03
55.78,9.84,30.76,18.2,93.78
56.04,9.94,31.1,18.56,94.91
56.31,10.08,31.43,18.27,97.91
55.98,10.01,31.76,18.2,97.91
56.11,10.11,31.76,18.05,98.66
55.45,10.21,31.76,18.13,97.53
55.18,10.28,31.65,18.16,96.41
55.78,10.25,31.65,17.94,94.91
56.31,10.31,31.99,17.94,97.91
56.7,10.31,32.1,17.83,104.66
57.23,10.42,31.88,18.71,109.16
57.43,10.31,31.32,18.23,108.04
#N/A,#N/A,#N/A,#N/A,#N/A
#N/A,#N/A,#N/A,#N/A,#N/A
58.09,10.45,33.43,18.67,113.67
58.15,10.55,34.43,18.63,115.92
58.09,10.62,34.65,18.93,117.79
58.29,10.52,34.65,18.78,117.04
57.03,10.45,34.65,18.38,111.04
57.03,10.42,34.76,18.56,114.42
57.23,10.31,34.65,18.42,120.79
56.97,10.14,34.54,18.23,118.54
56.77,10.04,34.54,17.91,125.29
56.11,10.14,34.54,18.05,123.79
57.76,10.28,34.1,18.2,132.42
58.35,10.42,34.43,17.94,131.3
58.22,10.35,34.43,18.02,131.3
56.97,10.25,34.32,18.05,130.92
57.43,10.38,34.43,18.13,130.17
58.02,10.42,34.43,18.09,133.17
58.15,10.28,34.43,17.58,135.05
57.96,10.11,34.43,16.71,135.05
#N/A,#N/A,#N/A,#N/A,#N/A
56.83,10.18,34.43,16.89,130.17
56.11,10.18,34.54,16.74,139.17
56.11,10.21,34.54,16.78,141.05
55.38,10.21,34.54,17,144.8
54.79,10.35,34.65,17.36,141.8
55.98,10.28,34.65,17.4,139.55
55.65,10.25,34.65,17.03,137.67
55.45,10.14,34.65,16.67,135.05
54.79,10.18,34.65,16.63,129.8
54.72,10.18,34.54,16.09,129.8
54.79,10.11,34.65,15.65,132.8
55.65,9.94,34.76,16.23,131.3
55.12,10.04,34.65,15.8,129.42
54.13,9.94,34.43,16.09,133.92
53.47,9.87,34.43,15.72,134.67
53.2,9.84,34.43,16.34,130.17
54.59,9.91,34.54,16.85,130.17
54.52,9.91,34.54,16.92,137.3
54,9.77,34.65,16.74,137.3
51.03,10.01,34.65,16.74,136.92
52.61,10.08,34.76,17.14,140.3
53.86,10.25,34.65,17.14,149.3
53.6,10.25,34.76,16.89,140.3
53.27,10.21,34.87,17.03,143.3
#N/A,#N/A,#N/A,#N/A,#N/A
51.82,10.11,34.76,16.82,145.18
52.74,10.21,34.98,16.52,147.8
53.2,10.18,34.87,16.41,146.68
53.2,10.14,34.87,16.23,139.92
52.54,9.97,34.98,16.23,138.8
52.87,10.04,32.76,16.34,141.05
52.41,10.08,32.99,16.31,137.67
52.08,9.8,32.76,15.72,129.05
52.15,9.74,33.32,14.92,125.67
51.62,9.67,30.99,14.16,129.05
50.5,9.74,30.88,14.49,134.3
49.51,9.74,30.43,14.7,141.05
49.9,9.67,28.32,14.19,136.92
48.52,9.57,26.43,14.38,138.42
48.38,9.5,27.21,14.12,138.8
47.59,9.53,27.1,14.09,136.17
48.85,9.7,28.54,14.09,136.92
50.56,9.7,28.99,14.27,135.8
50.83,9.7,28.43,14.23,142.93
51.69,9.77,27.99,14.01,144.05
52.48,9.7,27.54,13.28,147.8
52.81,9.74,28.1,13.47,156.81
52.61,9.77,28.32,13.69,153.8
52.87,9.7,28.21,13.73,160.93
52.61,9.57,27.99,13.39,156.06
51.55,9.46,26.99,12.87,149.3
53.94,9.46,26.77,12.91,153.8
55.35,9.36,24.99,12.83,150.43
55.77,9.46,23.55,13.13,153.8
56.19,9.43,23.77,12.65,157.56
55.63,9.43,24.99,12.87,168.43
56.4,9.6,24.99,13.09,175.19
56.89,9.84,24.77,13.13,175.94
57.31,9.88,24.88,13.24,174.06
57.38,9.74,24.43,12.98,174.44
57.66,9.81,24.66,13.17,186.44
56.19,9.66,25.21,13.21,199.2
56.19,9.63,24.88,12.43,198.07
55.98,9.55,25.99,11.72,189.07
52.12,9.66,25.88,11.87,202.2
49.17,9.44,25.66,11.42,204.07
49.52,9.33,25.54,11.94,202.57
49.87,9.15,25.32,11.35,188.69
48.46,8.52,23.66,10.57,175.56
47.27,8.04,22.66,9.86,174.06
45.79,7.71,22.01,9.26,175.19
45.65,8.19,22.77,9.9,186.44
46.36,7.97,22.55,10.08,186.82
45.44,8.04,22.43,10.12,187.57
46.29,8.26,22.77,10.3,193.94
46,8.26,22.55,10.19,187.57
46.5,8.19,22.32,9.9,174.44
45.93,8.08,22.1,10.04,176.31
45.65,7.89,20.59,9.37,164.31
46.15,7.89,20.59,9.11,153.05
46.85,8.19,20.95,9.3,163.56
46.64,8.08,20.66,9.19,170.69
46.92,8.04,19.64,8.93,159.06
47.41,7.97,19.79,9.11,163.56
47.76,8.11,20.17,9.56,158.31
47.34,8.19,20.28,9.64,169.18
48.53,8.33,20.59,10.27,170.69
49.24,8.67,20.79,10.42,165.43
48.74,8.56,20.64,10.53,166.18
48.18,8.15,19.99,9.82,167.31
47.13,8.04,19.7,9.34,162.06
47.41,8.41,20.12,9.49,172.19
46.85,8.37,20.06,9.52,178.56
47.2,8.33,19.99,9.6,177.44
#N/A,#N/A,#N/A,#N/A,#N/A
44.95,8.04,19.64,9.19,171.44
44.95,7.93,19.7,8.93,159.81
46,8.11,20.1,9.37,155.75
47.06,8.45,21.08,9.52,151.93
47.41,8.26,20.59,9.37,142.77
47.9,8.33,20.66,9.6,142.77
48.04,8.41,20.75,10.12,142.77
47.06,8.11,20.19,9.67,134.75
45.51,7.93,19.51,9.49,125.59
46,8,18.86,8.97,117.19
47.13,8.48,19.4,9.19,125.21
46.64,8.52,19.22,9.19,133.61
46.22,8.45,19.22,9.26,138.57
46.57,8.41,19.33,9.26,136.66
46.15,8.33,18.86,9.04,132.84
45.51,8.48,18.88,9,136.66
45.44,8.45,18.79,8.85,130.55
47.55,8.67,18.97,9.08,135.13
48.67,8.78,19.67,9.15,130.55
#N/A,#N/A,#N/A,#N/A,#N/A
48.81,8.96,20.37,9.49,139.33
47.55,8.96,20.46,9.49,142.38
47.34,8.81,20.73,9.56,145.06
47.41,8.78,20.32,9.52,143.53
48.74,9,20.64,9.49,133.61
48.11,8.78,20.43,9.04,124.44
48.74,8.89,20.5,9.11,116.05
48.39,8.89,20.25,8.85,116.43
47.97,8.89,20.28,8.97,112.99
48.6,9.37,20.68,9.23,120.63
47.97,9.37,20.7,9.41,126.73
47.83,9.44,20.91,9.15,127.12
47.48,9.74,20.86,9.19,134.37
47.76,9.74,20.57,9.82,139.33
47.69,9.85,20.46,9.78,129.79
47.13,9.7,20.55,10.19,132.84
46.29,9.59,20.82,10.57,136.28
45.79,9.4,20.79,10.42,130.93
46.36,9.63,21.62,11.12,131.7
46.36,9.55,21.6,11.12,134.37
46.78,9.59,21.49,11.09,131.31
46.85,9.63,21.29,10.75,125.97
46.78,9.26,20.03,10.19,118.72
46.85,9.44,20.55,10.9,119.1
46.85,9.7,20.95,10.97,125.59
46.92,9.63,20.66,11.16,123.68
46.22,9.59,20.48,10.79,124.83
45.72,9.48,20.28,10.9,129.79
42.91,9.29,19.78,10.23,129.41
41.79,9.11,19.09,9.93,128.26
41.65,9.26,19.04,10.19,121.77
39.4,8.81,18.21,9.49,120.63
41.02,8.78,18.57,9.9,112.23
39.12,8.96,19.06,9.67,104.59
39.19,9.26,19.11,10.34,103.07
39.54,9.29,19.27,10.49,109.94
38.77,9.59,19.47,10.45,108.03
40.6,9.77,19.76,11.16,111.46
39.4,9.7,19.81,10.97,112.23
40.32,9.55,19.81,10.83,104.59
39.33,9.4,19.58,10.42,105.36
41.44,9.48,19.06,10.75,101.54
41.58,9.44,18.3,10.27,95.43
40.1,9.18,18.3,10.12,95.05
41.3,9.26,18.46,9.9,94.67
41.37,9,18.05,9.93,98.87
41.23,8.89,17.92,9.82,103.83
39.68,8.67,17.51,9.41,101.54
38.98,9.04,17.36,9.45,101.16
38.56,8.96,16.48,9.49,94.29
38.14,8.67,16.53,9.56,100.39
40.1,9.18,17.63,10.19,107.27
40.32,9.11,17.22,9.97,108.79
41.3,9.37,17.65,10.23,112.61
42,9.22,17.6,10.08,108.79
42.42,9.29,17.81,10.12,109.17
42.42,9.33,17.72,9.86,107.27
41.93,9.37,17.56,9.86,108.03
42.21,9.37,17.6,9.67,107.27
42.14,9.29,17.56,9.56,103.83
43.12,9.48,17.67,9.71,109.17
43.2,9.59,17.72,9.75,110.7
43.34,9.7,17.87,9.78,111.85
43.27,9.59,17.87,9.6,119.48
43.55,9.51,17.76,9.56,121.39
44.39,9.81,17.78,10.19,120.63
44.25,9.92,17.6,10.64,121.77
44.25,10.22,17.13,10.6,121.77
44.25,10.22,16.62,10.34,123.3
44.25,9.92,16.46,10.6,121.01
44.32,10.4,16.95,11.12,127.88
44.32,10.51,17.96,11.01,127.88
#N/A,#N/A,#N/A,#N/A,#N/A
#N/A,#N/A,#N/A,#N/A,#N/A
#N/A,#N/A,#N/A,#N/A,#N/A
#N/A,#N/A,#N/A,#N/A,#N/A
#N/A,#N/A,#N/A,#N/A,#N/A
#N/A,#N/A,#N/A,#N/A,#N/A
#N/A,#N/A,#N/A,#N/A,#N/A
43.9,11.21,19.22,11.72,136.66
43.9,11.43,20.43,11.76,140.48
43.69,11.47,20.68,11.79,143.53
44.25,11.29,20.68,12.61,145.06
44.25,11.36,22.12,12.95,142.77
44.32,11.29,21.38,12.43,145.06
44.74,11.32,20.68,12.5,142.77
45.09,11.36,22.12,12.57,152.69
45.02,11.14,23.47,12.13,148.11
44.67,11.06,23.35,12.24,150.02
45.23,11.03,23.58,12.13,150.02
46.71,10.88,22.9,12.09,156.51
47.34,11.25,23.02,12.57,167.2
47.48,11.14,22.39,11.9,155.75
48.11,11.03,21.94,11.61,150.78
50.08,10.95,22.45,11.61,151.16
49.8,11.06,21.96,11.09,151.93
50.57,11.03,22.28,11.27,158.04
50.36,10.92,22.03,11.09,153.46
50.43,10.99,21.96,11.83,153.84
#N/A,#N/A,#N/A,#N/A,#N/A
#N/A,#N/A,#N/A,#N/A,#N/A
50.71,11.43,22.19,11.83,164.53
50.29,11.54,22.68,11.76,170.63
50.5,11.4,22.68,11.53,175.6
49.45,11.14,22.9,11.64,171.01
49.17,11.03,22.19,11.68,171.01
48.46,10.77,22.07,11.42,167.2
49.02,10.88,22.34,11.5,172.16
48.88,10.88,22.45,11.9,172.16
48.11,10.77,22.03,11.64,169.49
49.59,11.17,22.45,11.79,164.91
50.43,11.21,22.79,11.42,167.2
49.87,11.1,22.9,11.31,163.38
48.53,11.03,22.05,11.53,165.29
47.62,10.99,22.01,11.38,159.94
46.85,11.06,21.47,11.27,160.33
46,11.06,21.67,11.35,156.51
47.2,11.29,21.76,11.27,166.82
47.2,11.25,21.47,10.9,166.05
45.65,10.99,21.58,10.49,159.56
46.85,11.14,21.58,10.64,158.04
46.78,11.14,21.38,10.68,162.23
46.57,10.84,20.28,10.19,156.89
46.85,10.66,19.92,10.16,159.18
45.86,10.47,19.83,10.42,154.98
46.07,10.58,19.72,10.27,151.93
#N/A,#N/A,#N/A,#N/A,#N/A
43.55,10.36,19.27,10.75,156.51
43.12,10.33,19.54,10.75,158.8
42.91,10.22,19.13,10.34,154.6
43.27,10.44,19.65,10.94,153.46
42.63,10.58,19.83,10.83,155.75
42.42,10.4,19.74,10.86,158.04
43.05,10.66,20.05,11.31,163.76
42.35,10.51,20.07,11.01,164.14
42,10.47,19.9,10.6,155.36
42.35,10.44,19.87,10.53,152.69
42.63,10.7,20.01,10.64,151.55
42,10.77,19.29,10.57,141.24
42.42,11.1,19.04,10.27,145.06
42.49,10.88,18.77,10.01,149.64
42.21,10.99,19.22,10.42,149.64
42.21,11.03,18.88,10.16,146.97
42.63,11.29,18.79,9.97,139.33
42.28,11.29,18.86,9.75,142.77
#N/A,#N/A,#N/A,#N/A,#N/A
42.63,11.47,19.56,10.19,152.69
42.28,11.47,19.22,10.27,151.16
42.7,11.25,19.54,10.42,154.6
41.79,10.7,19.06,10.16,146.2
42.42,10.88,19.13,9.93,148.87
41.58,10.66,19,9.75,150.02
41.58,10.73,18.97,9.71,147.35
40.67,10.84,18.75,9.71,142
39.82,10.84,18.77,9.64,141.24
39.75,10.66,18.79,9.41,145.82
39.68,10.18,18.75,9.23,137.42
40.32,10.33,18.95,9.56,141.24
40.18,9.77,18.44,9,132.46
40.18,9.77,18.59,9.04,130.55
40.67,9.85,18.7,9.19,136.28
39.68,9.4,18.53,8.82,136.28
39.05,9.26,18.53,8.85,137.8
38.56,9.29,18.46,8.82,134.75
38.98,9.37,18.44,9,138.19
39.19,9.81,19.24,9.34,145.06
37.3,9.85,19.56,9.34,143.53
36.8,9.66,20.25,9.08,144.68
36.17,9.26,19.87,8.85,138.95
36.24,8.74,18.97,8.26,135.9
36.66,8.7,19.38,8.41,139.71
36.94,8.74,19.74,8.67,145.06
37.44,8.78,20.23,8.7,142.38
36.1,8.85,20.73,8.37,144.29
37.37,8.92,20.84,8.89,147.35
37.44,9.04,21.15,8.82,143.53
37.86,9.07,21.15,8.85,143.91
38.84,8.96,20.73,8.82,143.91
40.46,9.04,20.7,8.89,147.35
39.54,9.11,20.57,9.08,149.64
39.68,9.11,20.19,8.93,151.16
40.25,9.37,20.41,9.04,154.22
39.4,9.48,20.03,8.97,153.46
38.63,9.22,19.72,8.85,152.31
37.08,9.04,19.54,8.78,150.4
37.15,9.04,19.15,8.67,146.58
37.15,9,19.13,8.85,149.64
36.87,8.92,19.13,8.78,148.11
37.51,9.51,19.63,8.97,151.55
37.51,9.88,19.63,8.93,153.46
38.98,9.88,19.58,9.04,153.07
39.19,9.74,19.58,9.04,156.51
38.98,9.7,19.51,8.97,154.6
39.61,9.59,19.47,9,148.87
39.4,9.44,19.47,8.74,141.62
38.35,9.51,19.42,8.48,139.33
38.71,9.47,19.54,8.56,135.51
37.62,9.24,19.2,8.33,134.75
37.62,9.21,19.06,8.33,135.9
39.01,9.24,18.95,8.18,132.08
40.83,9.55,19,8.15,130.55
39.01,9.32,19.06,7.85,129.02
40.1,9.59,19.02,7.7,133.99
40.47,9.63,19.02,7.7,131.7
39.44,9.44,18.7,7.44,125.97
40.1,9.47,18.19,7.2,129.02
39.96,9.28,18.1,7.07,126.35
39.23,9.36,18.21,6.73,125.21
40.25,9.51,18.21,6.75,124.06
41.05,9.59,18.19,6.64,118.72
42.73,9.67,18.19,6.91,110.7
42.15,9.63,18.57,6.69,103.07
#N/A,#N/A,#N/A,#N/A,#N/A
41.64,9.51,18.53,6.23,104.98
42.73,9.74,18.62,6.11,104.59
43.1,9.74,18.55,6.15,104.98
43.46,9.78,18.66,6.53,107.65
44.48,9.86,18.93,6.64,113.76
44.63,9.74,19.09,6.67,114.14
44.19,9.59,19.02,6.9,113.76
44.41,9.59,19.2,6.92,116.05
44.12,9.55,19.29,6.9,113.76
43.46,9.47,19.78,6.87,116.81
42.73,9.55,19.87,6.76,116.05
42.22,9.32,19.54,6.7,114.52
43.1,9.36,19.51,7,113.76
42.66,9.24,19.47,7.31,115.28
42.66,9.36,19.45,7.22,115.28
42.15,9.32,19.24,7.01,121.39
41.93,9.24,19.22,6.88,119.1
41.78,9.24,19.09,6.76,116.43
41.56,9.24,19.31,6.87,115.66
41.05,9.24,19.36,6.92,117.24
41.12,9.21,19.36,6.76,118.03
40.69,9.17,19.51,6.84,120.01
40.76,9.17,19.6,7.11,121.59
39.66,8.97,19.69,7.22,118.82
39.01,8.94,19.74,7.08,111.32
39.44,9.05,19.6,7.48,111.32
40.39,9.28,19.67,8,109.74
40.1,9.28,19.72,8,108.95
41.2,9.21,19.72,8.41,115.27
41.12,9.21,19.81,8.04,112.51
42,9.4,20.61,8.59,114.48
42.37,9.44,20.41,8.41,119.22
42.29,9.36,20.88,8.67,120.4
43.02,9.44,20.73,8.48,119.22
42.73,9.36,20.43,8.11,120.01
42.88,9.44,20.46,8.52,119.61
42.95,9.32,20.57,8.48,118.43
42.88,9.32,20.43,8.44,112.9
42.59,9.24,20.21,8.04,111.32
42.29,9.32,20.23,8.26,109.35
42.95,9.36,20.01,7.89,108.95
42,9.21,20.01,7.74,108.95
42.51,9.28,19.9,7.92,112.11
42.29,9.24,19.9,7.89,110.93
42.29,9.13,19.94,7.74,111.32
42.22,9.05,19.94,7.96,108.95
41.49,9.05,19.47,7.77,107.37
41.49,9.13,19.4,7.59,102.24
#N/A,#N/A,#N/A,#N/A,#N/A
40.18,8.97,19.06,7.63,101.06
40.61,8.94,18.64,7.7,101.85
40.54,8.74,18.66,7.92,99.87
40.61,8.74,18.66,8.44,103.43
40.98,8.74,18.82,8.85,106.58
41.05,8.67,18.37,8.7,106.58
40.69,8.55,18.26,8.67,105.01
40.03,8.55,18.1,8.67,109.74
39.3,8.48,18.19,8.74,107.77
38.79,8.55,18.19,8.59,108.95
38.71,8.63,18.08,8.26,105.01
37.18,8.4,17.63,7.7,99.48
36.81,8.32,17.63,7.89,93.95
37.03,8.44,18.62,8.33,100.27
37.62,8.32,19,8.26,100.27
37.47,8.09,19.45,8.74,100.66
38.57,8.13,18.91,8.93,99.08
37.98,8.09,18.64,8.78,100.66
38.13,8.09,18.62,8.74,101.45
38.28,8.17,18.59,8.82,102.24
37.76,8.13,18.59,8.89,102.24
37.47,8.32,19.2,8.85,105.79
37.33,8.17,19.15,8.97,105.79
35.87,8.05,19.13,8.56,102.24
35.35,8.09,19.38,8.7,105.79
34.26,8.13,19.69,8.56,106.19
34.55,8.09,19.67,8.37,109.35
35.21,7.98,18.91,8.44,112.11
34.92,7.9,19.04,8.37,109.74
33.82,7.75,19,8.18,110.93
33.75,7.75,19.06,8.52,110.14
35.9,8.28,19.31,8.82,112.9
36.52,8.51,19.49,8.97,114.08
37.25,8.59,19.42,8.82,110.53
37.25,8.59,19.63,9.08,113.69
37.47,8.51,19.63,8.89,116.06
37.55,8.63,19.92,9.19,117.64
37.69,8.55,19.65,9.67,116.45
37.25,8.51,19.94,10.01,119.22
37.25,8.9,20.01,9.75,119.22
37.55,8.97,20.03,9.52,114.48
37.91,8.94,20.01,9.9,113.69
38.13,8.78,20.01,9.78,114.08
38.2,8.74,19.92,9.52,111.72
39.23,8.86,19.98,9.71,115.27
41.12,9.21,20.34,10.38,115.66
40.47,8.97,20.66,10.16,112.51
40.83,8.86,20.52,10.38,109.74
40.91,8.94,20.5,10.3,107.77
40.91,8.82,20.39,10.45,110.53
39.74,8.97,20.39,10.53,110.53
39.88,8.94,20.3,9.9,111.32
39.96,8.82,20.48,9.3,111.72
40.76,8.9,20.66,9.75,113.3
40.83,8.94,20.75,9.6,112.11
40.83,8.97,20.73,9.71,113.69
40.91,8.97,20.7,9.67,113.69
#N/A,#N/A,#N/A,#N/A,#N/A
#N/A,#N/A,#N/A,#N/A,#N/A
41.34,9.05,20.61,10.19,115.66
43.1,9.47,20.66,10.23,116.45
43.83,9.51,20.77,10.23,117.64
43.02,9.36,20.66,9.71,114.48
42.73,9.28,20.3,9.82,113.69
42.15,9.09,20.28,9.6,115.27
43.02,9.05,19.72,9.45,109.35
43.32,9.09,20.07,9.26,110.14
43.39,9.05,19.85,9.37,105.01
43.39,8.94,19.69,9.08,101.45
42.73,8.82,19.63,8.7,101.45
42.95,8.59,19.63,8.67,99.48
43.39,8.82,19.72,8.56,101.85
42.95,8.78,19.69,8.7,103.03
43.1,8.82,19.76,8.67,103.03
43.32,8.78,19.69,8.78,101.45
43.02,8.74,19.51,8.85,99.87
42.44,8.63,19.51,8.93,100.27
42.37,8.71,19.54,8.74,101.06
42.8,8.86,19.81,9.08,105.01
43.39,8.94,19.74,8.85,103.82
43.83,8.82,19.49,8.97,104.22
43.54,8.9,19.63,8.74,104.22
43.83,8.94,19.81,8.59,103.82
43.32,8.74,19.94,8.26,104.61
42.95,8.71,20.21,8.41,106.19
#N/A,#N/A,#N/A,#N/A,#N/A
#N/A,#N/A,#N/A,#N/A,#N/A
#N/A,#N/A,#N/A,#N/A,#N/A
#N/A,#N/A,#N/A,#N/A,#N/A
#N/A,#N/A,#N/A,#N/A,#N/A
#N/A,#N/A,#N/A,#N/A,#N/A
#N/A,#N/A,#N/A,#N/A,#N/A
42.37,8.55,20.21,8.97,105.79
42.66,8.71,20.41,9.56,106.98
43.83,8.63,20.48,9.49,110.53
43.75,8.55,20.34,9.52,108.16
43.39,8.59,20.43,9.67,108.95
42.73,8.63,20.5,9.78,107.77
42.66,8.51,20.3,9.6,106.19
41.56,8.51,20.25,9.6,105.79
#N/A,#N/A,#N/A,#N/A,#N/A
42,8.48,20.32,9.71,106.58
40.39,8.36,20.1,9.45,106.19
39.96,8.51,20.05,9.93,105.4
40.91,8.59,20.05,9.75,101.06
40.83,8.51,20.12,9.78,101.85
41.12,8.48,20.23,9.9,101.06
42.15,8.51,20.57,10.38,99.87
42.44,8.59,20.66,10.12,103.43
40.98,8.51,20.82,9.9,102.64
39.88,8.9,20.86,9.71,103.43
38.35,8.9,21.29,9.45,103.43
38.71,8.59,20.88,9.41,101.45
38.42,8.59,20.86,9.49,101.45
38.13,8.55,21.2,9.49,102.24
38.2,8.51,21.4,9.41,100.66
37.76,8.51,21.35,9.3,101.06
37.98,8.55,21.31,9.78,101.45
37.62,8.63,21.33,9.78,102.24
38.5,8.55,21.44,9.97,103.82
38.42,8.51,21.56,9.67,105.79
39.15,8.59,21.65,9.82,107.37
38.64,8.55,21.4,9.67,110.53
39.23,8.63,21.29,9.75,110.93
38.57,8.67,21.09,9.82,113.69
#N/A,#N/A,#N/A,#N/A,#N/A
#N/A,#N/A,#N/A,#N/A,#N/A
37.69,8.48,20.82,9.56,115.27
37.62,8.51,20.82,9.52,112.9
37.25,8.44,20.91,9.71,114.08
38.28,8.59,21,9.86,116.06
38.57,8.48,21.09,9.78,112.9
39.23,8.48,20.7,9.56,113.69
39.52,8.63,20.91,9.6,116.45
39.52,8.59,20.91,9.6,116.06
38.79,8.51,20.97,9.78,117.64
39.15,8.71,21.04,9.78,118.03
40.03,8.59,21.02,9.64,115.66
40.69,8.59,20.93,9.67,112.9
42.66,8.74,21.09,10.01,114.48
43.39,8.67,20.84,9.93,115.66
43.54,8.59,20.86,9.82,113.69
43.68,8.51,21,10.16,115.27
42.95,8.63,20.97,10.08,118.03
#N/A,#N/A,#N/A,#N/A,#N/A
43.54,8.59,21.02,10.12,119.22
43.61,8.74,21.09,10.16,119.22
43.46,9.05,22.45,10.16,126.32
44.92,8.9,23.58,10.01,120.8
46.75,9.28,23.13,10.23,123.56
46.16,9.13,23.24,10.01,123.95
45.36,9.67,23.35,9.86,126.32
44.48,10.01,23.13,9.93,126.72
45.8,9.93,23.13,9.93,124.35
45.8,9.97,23.47,10.16,125.53
47.41,10.24,23.58,10.19,127.51
47.19,10.09,23.47,10.04,128.69
46.75,10.32,23.24,10.04,127.9
46.75,10.82,23.13,10.19,127.9
46.75,10.66,23.24,10.42,125.53
45.65,10.28,22.9,10.12,123.56
45.65,10.16,22.79,10.16,125.14
46.38,10.62,23.02,10.34,127.11
45.65,10.43,22.9,10.27,127.11
46.68,10.47,23.02,10.42,130.27
45.36,10.36,23.02,10.12,130.27
44.7,10.13,23.02,10.27,133.43
44.19,10.28,23.47,10.04,129.88
44.05,10.66,23.13,9.82,127.51
43.46,10.51,22.9,9.41,124.74
42.73,10.32,22.79,9.52,125.53
43.46,10.2,22.79,9.15,121.98
44.56,10.47,22.9,9.41,123.95
44.12,10.36,22.9,9.56,122.77
#N/A,#N/A,#N/A,#N/A,#N/A
42.88,10.05,22.43,9.23,123.16
42.73,10.05,22.68,9.15,125.53
42.95,10.2,23.02,9.04,126.32
42.73,10.39,23.58,9.11,128.3
44.19,10.24,22.9,9.04,127.11
43.02,9.97,22.57,8.48,124.35
42,9.63,22.45,8.11,121.59
42.88,9.82,22.68,7.66,120.01
42.73,9.74,22.45,7.51,113.69
42.73,10.39,22.68,7.59,120.4
43.32,11.08,22.68,7.96,121.59
46.16,11.12,22.79,8.11,123.16
44.34,11.54,23.02,8.3,126.32
43.24,11.28,22.79,8.11,122.37
42.44,11.16,22.68,7.77,117.64
42.44,11.24,22.68,7.74,114.48
43.32,11.35,22.68,7.92,120.01
42.15,11.12,22.37,7.7,115.66
43.39,11.24,22.32,7.81,114.87
43.1,10.96,22.3,7.92,115.66
44.92,11.44,22.34,8.07,116.85
45.29,11.24,22.37,8.07,118.03
46.75,11.36,22.32,8.18,116.85
46.6,11,22.32,8.33,117.24
47.19,10.53,22.37,8.11,117.64
48.21,10.53,22.57,7.74,114.48
48.21,10.06,22.57,7.77,106.58
47.77,10.25,22.37,7.92,107.37
48.21,10.65,22.37,8.04,107.37
48.65,10.65,22.32,7.92,106.98
48.5,10.57,22.34,7.92,108.95
47.11,10.81,22.32,7.96,108.95
46.6,10.45,22.32,7.96,107.37
47.48,10.65,22.57,8.15,109.35
46.02,10.53,22.57,7.89,102.64
45.29,10.49,22.57,8.41,107.37
46.68,10.37,22.68,8.18,106.98
46.6,10.53,22.45,8.3,109.74
46.02,10.29,22.43,8.11,113.69
45.08,10.06,22.45,7.96,111.32
44.63,9.82,22.57,7.96,112.9
43.97,9.7,22.41,7.85,112.9
43.97,9.74,22.37,7.96,114.48
44.48,9.86,22.32,8.07,116.06
44.04,9.7,22.41,8.07,116.45
43.37,9.5,22.39,8.26,115.27
43.74,9.43,22.19,8.44,115.66
43.22,9.35,22.23,8.33,116.06
42.78,9.31,22.12,8.33,113.3
#N/A,#N/A,#N/A,#N/A,#N/A
41.74,9.27,21.98,8.48,115.27
42.04,9.66,22.07,8.67,114.48
42.11,9.7,22.28,8.7,112.9
41.82,9.62,22.25,8.56,111.72
41.96,9.5,22.19,8.48,113.3
43.15,9.46,22.19,8.48,116.18
43.45,9.7,22.37,8.78,117.42
43,9.66,22.9,8.82,117
43.89,9.54,23.02,8.74,122.36
44.63,9.58,22.9,8.59,121.12
45.15,9.7,22.9,8.67,122.36
44.71,9.62,22.9,8.48,120.71
45.6,9.58,22.9,8.52,120.3
46.12,9.86,22.9,8.41,121.12
46.49,9.82,22.9,8.63,121.53
46.86,9.7,22.9,8.44,123.18
45.82,9.54,22.9,8.56,121.53
47.23,9.66,22.9,8.59,121.95
47.6,9.54,22.9,8.48,123.18
47.08,9.54,23.17,8.59,127.71
#N/A,#N/A,#N/A,#N/A,#N/A
#N/A,#N/A,#N/A,#N/A,#N/A
47.08,9.94,22.95,8.44,130.6
47,10.29,23.39,8.48,132.66
47.08,10.21,23.39,8.44,132.25
46.12,9.98,23.39,8.3,128.95
46.93,10.02,23.17,8.33,128.54
46.12,9.98,23.39,8.26,128.95
46.34,9.94,23.17,8.26,134.31
47.38,9.82,23.06,7.92,131.83
48.86,10.29,23.28,8.04,136.37
48.78,10.14,23.28,7.85,136.78
48.19,10.06,23.06,7.66,130.6
48.56,10.33,23.17,7.66,131.83
48.41,10.1,23.06,7.55,133.48
#N/A,#N/A,#N/A,#N/A,#N/A
48.64,9.94,23.39,7.48,136.78
48.27,9.7,23.39,7.14,133.48
48.49,10.06,23.39,7.44,133.48
48.34,9.82,23.17,7.36,132.66
48.64,9.98,23.06,7.51,135.13
48.78,10.21,23.17,7.63,135.95
48.78,10.25,23.17,7.48,139.25
48.93,10.17,22.95,7.43,140.49
48.64,10.1,22.73,7.33,138.84
49.38,10.06,22.84,7.34,143.37
49.08,9.9,22.5,7.22,139.25
49.15,9.98,22.5,7.28,140.07
49.53,9.98,22.28,7.44,140.07
49.6,10.33,22.39,7.37,141.72
49.67,9.82,22.26,7.24,140.9
48.93,9.82,21.97,7.14,141.72
47.82,9.74,21.43,7.01,148.73
46.71,9.74,21.14,7.11,147.08
47.3,9.7,20.83,6.77,147.9
47.52,9.82,21.17,6.84,149.14
46.78,9.74,20.92,6.73,145.84
46.63,9.58,22.28,6.51,148.31
47.89,9.54,22.04,6.42,149.14
46.71,9.46,21.88,6.44,147.49
46.78,9.46,22.61,6.75,146.67
47.67,9.5,22.39,6.58,146.25
48.12,9.5,22.5,6.38,147.9
48.41,9.5,22.61,6.28,148.31
47.97,9.46,22.61,6.36,147.08
46.71,9.39,22.39,6.37,142.96
47.15,9.43,22.28,6.32,142.55
47.38,9.46,22.15,6.5,143.78
47,9.5,22.5,6.81,143.78
47.45,9.58,22.39,6.73,143.37
47.89,9.78,22.73,6.87,145.43
48.04,9.7,22.73,6.87,148.31
48.49,9.7,22.84,6.83,148.73
48.19,9.62,22.95,6.85,148.73
49.38,9.58,23.39,6.7,149.14
49.6,9.54,23.39,6.72,149.55
49.3,9.54,23.39,6.75,159.03
50.71,9.62,23.28,6.79,158.61
51.01,9.66,23.39,6.8,162.32
51.6,9.66,23.39,6.7,162.32
50.64,9.58,23.39,6.7,158.2
51.53,9.62,23.39,6.79,155.73
51.08,9.5,23.28,6.71,154.08
50.79,9.5,23.62,6.67,155.73
50.42,9.5,23.62,6.68,160.67
51.01,9.54,23.73,6.67,159.44
50.42,9.66,23.51,6.67,153.26
50.27,9.74,23.73,6.79,157.79
50.27,9.66,23.62,6.79,157.79
50.79,9.62,23.39,6.91,153.26
51.01,9.62,23.62,6.93,154.49
51.53,9.7,23.62,6.93,156.97
51.53,9.78,23.84,6.98,161.09
51.08,9.74,23.95,7.08,159.44
#N/A,#N/A,#N/A,#N/A,#N/A
50.56,9.7,24.95,7.05,162.32
49.9,9.66,25.51,7.11,160.67
49.75,9.78,26.18,6.97,156.97
49.67,9.94,26.29,7.02,160.26
49.67,10.21,26.85,7.01,160.26
49.53,10.14,27.85,7.11,164.38
49.6,10.1,27.85,7.13,167.27
49.97,9.98,28.41,7.11,168.09
49.01,9.94,28.07,6.97,164.38
49.45,10.02,28.63,6.97,168.5
49.67,10.02,28.3,6.96,167.27
48.93,10.06,28.52,6.97,167.27
48.41,10.1,28.63,6.99,170.97
48.56,10.1,28.41,6.89,170.56
49.15,10.06,28.3,6.78,173.44
49.53,10.14,28.3,6.82,170.15
49.75,10.14,27.96,6.85,168.91
49.01,9.74,27.85,6.7,166.44
#N/A,#N/A,#N/A,#N/A,#N/A
#N/A,#N/A,#N/A,#N/A,#N/A
#N/A,#N/A,#N/A,#N/A,#N/A
#N/A,#N/A,#N/A,#N/A,#N/A
#N/A,#N/A,#N/A,#N/A,#N/A
#N/A,#N/A,#N/A,#N/A,#N/A
46.71,9.46,27.74,6.55,165.62
46.71,9.5,29.63,6.55,171.38
46.93,9.54,31.08,6.73,181.27
47.15,9.54,31.08,6.7,177.56
47.08,9.54,31.97,6.76,180.04
47.6,9.62,31.41,6.87,188.28
47.23,9.62,30.97,6.87,181.27
47.82,9.7,30.75,6.9,175.92
47.15,9.62,31.19,6.92,179.62
47.75,9.62,30.97,6.88,180.45
47.45,9.66,31.08,6.84,179.21
47.45,9.62,30.75,6.87,177.56
47.97,9.7,32.86,7.34,177.98
47.67,9.66,32.86,7.63,180.45
47.45,9.66,32.64,7.59,181.27
47.75,9.74,32.19,7.63,184.57
48.12,9.7,32.19,7.66,181.27
#N/A,#N/A,#N/A,#N/A,#N/A
47.6,9.86,32.19,7.55,183.33
47.52,9.78,31.86,7.48,181.27
47.67,9.82,32.42,7.51,179.62
47.45,10.02,32.64,7.59,182.1
47.75,9.98,31.75,7.55,184.16
47.89,9.86,31.19,7.36,184.16
48.19,10.06,31.64,7.39,182.92
47.75,10.17,30.75,7.41,181.27
47.38,10.29,29.74,7.41,181.27
46.34,10.17,31.75,7.48,177.98
47.15,10.21,31.19,7.92,178.39
47.6,10.29,31.08,7.81,181.27
47.52,10.14,31.19,7.77,181.27
47.3,9.98,31.41,7.55,177.56
47.23,9.86,31.41,7.59,175.92
47.67,9.98,31.19,7.7,180.45
47.75,10.02,31.41,7.77,182.1
47.3,10.17,31.08,8,183.74
48.04,10.17,30.64,7.85,182.92
48.04,10.17,30.75,7.89,181.68
47.82,10.14,31.08,8,181.68
47.52,10.25,31.19,8.18,183.74
47.75,10.17,31.08,8.33,186.63
47.75,10.29,31.3,8.78,188.69
#N/A,#N/A,#N/A,#N/A,#N/A
47.82,10.21,31.3,8.82,186.22
47.82,10.29,31.3,8.63,185.8
47.89,10.33,31.3,8.93,188.28
48.49,10.41,31.3,8.89,186.22
48.93,10.33,31.19,8.85,184.57
49.15,10.21,31.19,8.7,183.74
49.45,10.21,30.97,8.33,181.68
49.53,10.14,31.08,8.7,191.57
49.45,10.14,30.97,8.59,196.93
49.67,10.21,31.08,8.67,195.28
49.3,10.17,31.08,8.74,196.93
49.08,10.14,31.19,9.04,201.87
48.71,10.41,33.2,8.85,203.52
49.3,10.37,32.75,8.93,216.7
48.64,10.1,32.31,8.56,211.35
48.56,10.1,31.97,8.7,225.77
48.86,10.29,31.75,8.7,225.35
49.01,10.29,31.97,8.48,209.7
#N/A,#N/A,#N/A,#N/A,#N/A
48.93,10.37,33.64,8.7,211.76
48.56,10.21,33.2,8.7,222.47
47.97,10.29,33.2,8.63,220
47.82,10.25,33.98,8.7,215.47
48.64,10.57,35.43,8.59,213.41
48.86,10.45,37.88,8.41,213.82
48.27,10.33,39.66,8.11,211.35
48.41,10.33,39.32,8.26,215.06
48.71,10.53,40.44,8.41,215.88
48.71,10.45,39.88,8.33,215.06
48.56,10.45,39.44,8.26,216.7
48.27,10.49,41.44,8.33,220.82
48.12,10.49,39.88,8.37,219.59
48.64,10.41,39.77,8.33,217.53
49.15,10.53,39.88,8.44,222.47
49.01,10.53,39.77,8.59,230.71
49.08,10.57,39.66,8.48,231.53
49.38,10.77,39.66,8.48,228.65
49.75,11.16,39.66,8.56,228.65
50.19,10.88,40.1,8.56,228.24
49.97,11.08,39.32,8.52,220.82
#N/A,#N/A,#N/A,#N/A,#N/A
50.19,11.16,42,8.63,227.41
50.34,11.28,42.89,8.89,230.71
50.04,11.24,43.56,8.74,232.36
49.75,11.52,42.22,8.93,234.01
50.42,11.4,42.56,8.93,234.83
51.38,11.32,41.33,8.85,242.25
51.23,11.44,40.88,9.04,242.25
50.93,11.87,43.67,8.97,238.13
50.86,11.75,46.68,8.89,237.71
50.79,11.59,45.01,8.78,234.01
50.93,11.59,44.56,8.63,233.18
51.6,11.44,46.79,8.63,233.18
51.82,11.75,48.68,8.67,236.07
51.3,11.48,48.35,8.63,234.83
51.6,11.44,45.67,8.56,229.06
52.49,11.48,46.79,8.63,215.88
52.49,11.52,46.9,8.63,224.94
53.08,11.91,46.79,9.15,228.24
53.01,11.71,46.9,8.93,226.59
53.31,11.79,47.58,9.41,229.47
54.79,12.03,47.91,9.37,226.59
55.61,12.07,47.24,9.52,229.06
54.86,12.34,48.58,9.93,231.53
54.49,13.01,48.02,9.82,225.77
53.97,12.97,47.35,9.9,233.59
53.31,12.69,47.13,9.86,234.01
53.99,12.61,46.01,9.6,231.53
54.07,12.77,46.34,9.82,232.77
55.21,12.44,45,9.64,230.3
54.83,12.89,44.78,10.27,226.59
55.21,12.77,45.22,10.27,231.53
54.75,12.57,45.56,10.23,227.83
54.83,12.28,46.12,10.23,225.77
54.83,12.4,46.9,10.34,230.71
54.83,12.65,45.9,10.12,229.06
54.75,12.77,45.45,10.01,228.24
#N/A,#N/A,#N/A,#N/A,#N/A
54.91,12.73,45,10.46,232.77
54.45,12.4,45,10.46,225.77
54.6,12.08,44.78,10.46,215.47
54.83,11.92,44.22,10.01,205.58
54.6,12.12,45,10.38,210.94
53.38,11.43,45.45,10.27,204.34
52.62,11.02,44.89,10.38,211.76
51.33,11.06,46.57,10.35,215.88
50.79,10.74,45.78,10.16,208.46
52.77,10.86,45.22,9.78,214.64
52.77,10.82,45.22,9.97,209.29
52.24,10.66,45,10.08,215.47
53,10.78,46.12,10.46,223.29
53.23,10.61,45.45,10.31,235.24
54.07,10.7,48.58,10.46,236.48
53.76,10.82,50.6,10.46,238.54
53.76,10.74,51.38,10.53,238.13
53.31,10.66,49.93,10.46,233.59
54.22,10.74,53.4,10.5,241.42
54.07,10.78,53.51,10.5,241.01
53.84,10.74,53.06,10.27,243.07
54.83,10.98,53.28,10.31,243.48
54.83,10.94,52.84,10.31,244.31
54.83,11.02,53.17,10.35,247.6
55.06,11.06,56.87,11.02,253.37
54.98,11.1,55.41,11.21,252.96
53.69,11.1,55.97,11.17,249.66
54.3,11.18,54.85,11.17,253.78
53.99,10.9,54.96,10.76,246.37
54.07,10.94,55.3,10.87,255.43
53.84,10.9,55.08,10.83,253.78
53.69,10.82,55.97,10.91,250.07
#N/A,#N/A,#N/A,#N/A,#N/A
53.76,10.86,55.64,11.06,249.66
52.47,10.78,55.41,10.95,251.72
52.16,10.74,53.06,11.14,250.07
51.63,10.53,49.37,10.91,238.95
52.09,10.49,47.69,10.72,240.6
51.63,10.25,49.25,10.2,238.95
51.86,10.49,50.04,10.38,243.06
52.24,10.45,49.25,10.35,243.48
52.01,10.53,49.93,10.27,250.18
51.1,10.37,49.25,10.01,244.32
50.26,10.37,49.93,9.97,242.22
50.18,10.41,49.03,10.2,243.9
50.49,10.33,46.23,9.93,232.16
51.4,10.29,49.37,9.89,226.3
51.56,10.25,49.37,9.89,231.32
50.72,10.25,49.37,9.67,236.35
50.57,10.21,49.37,9.74,233.42
50.87,10.33,49.37,9.56,238.45
51.48,10.49,49.37,9.74,246.41
50.57,10.49,49.37,9.74,239.29
50.11,10.41,49.37,9.63,233.84
49.12,10.49,49.37,9.59,233
49.5,10.49,47.71,9.63,233
#N/A,#N/A,#N/A,#N/A,#N/A
48.51,10,44.69,9.07,222.52
48.51,10.21,45.38,9.18,227.13
46.3,10.09,42.96,9.07,216.24
45.84,10,42.81,8.88,217.5
44.63,9.8,41.17,8.73,204.92
45.01,10.05,42.21,8.77,213.72
45.16,10,42.81,8.99,212.05
46,10.13,44.09,9.59,213.72
46.07,10.17,44.14,9.78,214.56
45.92,10.05,43.1,9.52,209.11
46,10.05,42.56,9.71,205.34
46.68,10.13,42.61,9.93,219.59
47.14,10.29,44.84,10.31,222.94
47.67,10.74,44.79,10.5,218.33
47.9,10.9,46.67,10.83,214.56
48.28,10.86,45.68,10.8,218.75
48.28,10.86,46.13,11.14,222.11
47.29,10.9,45.68,11.02,217.91
47.52,10.82,44.84,10.72,218.75
46.91,10.78,45.09,11.21,220.43
48.59,11.06,44.59,11.02,217.08
48.13,11.06,45.48,10.53,209.95
46.83,10.94,45.48,10.72,200.31
47.44,10.98,45.18,10.57,201.57
47.29,11.1,45.38,10.72,203.67
46.68,10.86,44,10.53,207.02
47.14,10.74,44,10.38,209.95
47.14,10.94,43.9,10.76,207.44
47.9,11.43,44.39,11.02,210.37
48.36,11.43,45.38,10.99,214.14
48.81,11.31,46.82,10.91,212.47
48.28,11.39,46.57,10.99,211.63
48.81,11.27,47.76,10.8,220.43
49.12,11.35,48.06,10.99,220.01
49.35,11.18,51.03,10.99,219.59
48.05,11.1,49.54,11.06,221.27
47.82,11.02,49.3,10.76,216.24
48.97,11.31,49.54,11.44,217.91
49.8,11.71,49.05,11.47,217.91
50.18,11.59,48.55,11.4,223.36
49.65,11.59,47.56,11.1,218.75
49.04,11.59,47.17,11.1,213.72
48.28,11.27,46.77,10.61,209.95
47.6,11.27,47.07,10.8,209.95
47.21,11.22,47.76,10.87,212.05
45.77,11.67,47.07,10.68,209.53
46.22,11.35,48.26,10.83,198.64
45.08,11.06,47.41,10.91,196.12
45.69,11.35,47.61,10.87,191.09
45.77,11.59,47.61,10.76,195.29
46.91,11.75,47.66,11.36,202.83
47.52,12,48.16,11.4,201.15
49.27,12.08,49.2,12.19,201.99
48.97,11.96,49.05,12.19,202.83
49.35,12.04,49.45,12.45,202.83
49.8,11.96,50.04,12.41,203.67
49.19,11.79,50.44,12.26,207.02
49.88,12,50.54,12.19,206.6
#N/A,#N/A,#N/A,#N/A,#N/A
#N/A,#N/A,#N/A,#N/A,#N/A
48.66,12.4,49.1,13.02,209.11
47.06,12,47.22,12.94,203.67
46.53,12.04,47.22,13.32,206.6
48.13,12.12,47.76,14.22,212.47
48.89,12.28,48.11,13.92,213.72
48.59,12.81,47.81,13.81,212.05
49.5,12.65,47.96,13.73,214.14
49.04,12.4,48.36,13.77,212.05
48.97,12.24,50.34,13.66,217.5
47.9,11.96,49.54,13.39,215.82
48.59,12.24,49.1,13.92,217.08
49.42,12.36,49.4,13.99,223.78
49.8,12.32,49.64,13.02,228.81
49.96,12.57,50.04,13.17,228.81
50.18,12.69,50.63,13.13,236.35
50.11,12.61,54.1,13.54,233.84
49.96,12.57,57.67,13.43,233.42
49.96,12.73,56.18,13.69,238.03
50.03,12.49,57.47,13.88,232.16
48.36,12.53,56.38,13.02,233.42
50.11,12.57,58.26,12.53,233.42
51.17,12.73,58.66,12.94,241.38
52.16,12.73,59.95,12.72,242.64
52.16,12.81,59.95,12.79,238.87
52.09,12.73,59.06,12.94,233.84
52.01,12.73,59.16,12.98,235.1
51.78,12.53,57.97,12.64,238.03
50.79,12.81,57.27,12.75,238.03
50.41,12.73,57.97,12.83,241.38
51.86,12.69,57.97,13.09,245.15
#N/A,#N/A,#N/A,#N/A,#N/A
#N/A,#N/A,#N/A,#N/A,#N/A
#N/A,#N/A,#N/A,#N/A,#N/A
#N/A,#N/A,#N/A,#N/A,#N/A
#N/A,#N/A,#N/A,#N/A,#N/A
#N/A,#N/A,#N/A,#N/A,#N/A
52.77,12.89,58.96,12.49,245.99
52.93,13.05,59.16,12.49,244.32
51.94,13.01,59.06,12.45,240.54
#N/A,#N/A,#N/A,#N/A,#N/A
51.94,12.89,61.44,11.62,242.22
52.16,12.89,61.04,11.78,240.54
51.78,12.81,62.43,11.81,237.61
51.48,12.73,64.9,11.62,242.22
52.62,12.73,63.81,11.62,249.76
51.86,12.77,65.7,11.36,248.93
51.56,12.77,64.01,11.32,248.93
51.1,12.73,63.32,11.4,250.6
51.63,12.85,63.32,12.04,246.41
51.1,12.77,63.81,11.89,242.22
50.79,12.73,62.23,12.15,240.96
51.4,12.73,58.96,12.11,240.96
52.09,12.81,61.04,12.19,246.41
52.47,12.89,63.62,12.3,253.95
51.71,12.73,62.82,11.89,271.56
52.09,12.81,63.12,12.19,289.16
52.01,12.77,63.12,12.15,286.64
51.71,12.69,62.92,11.93,283.71
52.55,12.4,62.23,11.81,282.03
52.24,12.36,62.72,11.66,273.65
52.62,12.44,62.43,11.55,277.42
52.93,12.61,63.91,11.85,274.91
52.16,12.4,64.8,11.85,282.45
52.93,12.61,65.7,11.89,282.45
#N/A,#N/A,#N/A,#N/A,#N/A
#N/A,#N/A,#N/A,#N/A,#N/A
53.31,12.85,64.61,11.44,302.15
52.32,12.73,61.53,11.36,293.35
52.77,12.53,59.65,11.36,289.99
53.31,12.4,59.85,11.21,293.35
54.45,12.4,60.94,11.55,290.41
54.75,12.28,60.84,11.47,294.6
54.98,11.83,60.84,11.36,292.51
55.59,11.96,62.92,11.4,293.35
55.82,11.63,64.41,11.55,295.02
55.82,11.39,60.94,11.74,294.19
56.96,11.43,59.45,11.7,297.54
57.34,11.47,60.25,11.4,317.65
58.49,11.88,61.93,11.51,314.3
60.16,11.92,62.53,12,315.56
59.55,12.12,63.32,12,318.49
59.17,12.08,63.42,12.04,315.14
58.56,11.92,62.53,11.59,293.35
57.5,11.88,62.62,11.62,301.73
#N/A,#N/A,#N/A,#N/A,#N/A
58.26,11.63,63.02,11.62,293.35
58.49,11.63,63.91,11.62,295.86
58.41,11.67,62.33,11.47,293.35
56.51,11.43,62.62,11.62,286.64
57.34,11.27,63.62,11.44,284.13
56.89,11.39,61.53,11.51,295.02
57.95,11.18,61.83,11.4,291.67
57.27,11.35,61.44,11.62,296.28
55.82,11.18,60.84,11.44,290.83
55.29,11.18,59.45,11.51,287.06
55.97,11.06,58.36,11.55,284.97
56.43,11.35,58.26,12.15,296.7
55.21,11.31,59.35,12.11,293.35
55.29,11.22,59.26,12.19,288.32
55.97,11.31,59.35,12.49,295.86
55.67,11.22,56.98,12.57,302.99
55.67,11.31,54.5,12.57,305.08
56.12,11.35,56.78,12.87,303.82
55.13,11.47,57.08,12.75,305.08
55.29,11.31,57.67,12.68,301.73
54.83,11.18,57.37,12.15,299.21
55.67,11.14,56.08,12.26,294.19
55.74,11.22,55.09,12.23,298.38
54.68,10.94,54.9,11.89,285.8
54.53,10.86,53.51,11.74,289.99
55.44,10.74,52.22,11.74,289.99
54.6,10.61,49.74,10.91,291.67
55.21,10.78,48.8,11.29,305.5
54.83,10.66,49.5,11.1,304.24
54.6,10.66,48.55,10.95,301.73
54.14,10.74,53.41,10.83,303.4
54.14,10.57,52.72,10.91,300.89
53.31,10.53,52.02,11.02,300.89
52.93,10.57,52.02,10.91,297.96
#N/A,#N/A,#N/A,#N/A,#N/A
54.98,10.7,55.69,11.14,300.05
54.22,10.82,54.3,10.91,315.98
55.13,10.78,53.81,10.53,317.23
55.59,11.02,54,10.61,318.49
55.44,10.78,54.5,10.57,321.84
54.45,10.45,52.52,9.97,316.4
55.13,10.61,51.87,10.27,323.52
55.44,10.78,51.87,10.42,328.55
54.53,10.7,51.5,10.53,329.39
53.76,10.82,51.02,10.35,327.29
53.76,10.61,50.7,10.19,324.78
53.76,10.49,50.75,9.96,320.59
51.71,10.09,50.43,9.92,309.27
51.71,10.13,49.89,10.03,318.49
#N/A,#N/A,#N/A,#N/A,#N/A
52.42,10.21,49.78,9.96,319.33
53.76,10.34,49.41,9.96,310.95
54.55,10.38,49.73,9.96,314.3
53.6,10.38,49.62,9.72,314.3
53.76,10.21,49.73,9.41,318.49
52.97,10.17,49.84,8.94,322.68
53.52,10.25,50.27,9.06,315.98
52.57,9.78,51.02,8.82,300.89
52.1,9.48,50.59,8.67,295.02
52.42,9.61,50.11,8.98,291.67
51.94,9.44,49.62,8.55,279.52
51.08,9.27,49.14,8.94,286.64
51.23,9.14,48.23,8.32,279.1
51.63,9.65,48.87,8.2,276.58
50.84,9.57,48.23,7.89,291.67
50.45,9.53,47,8,281.61
51.87,9.48,46.09,8.12,263.17
51.23,9.57,48.87,7.96,284.13
51.23,9.57,48.87,7.58,286.22
50.76,9.53,49.78,7.59,294.19
50.45,9.53,52.73,7.6,304.24
48.71,9.53,53.16,7.57,297.12
48.71,9.57,53.21,7.61,299.21
47.69,9.53,55.95,7.89,305.5
47.92,9.53,54.23,7.64,303.82
48.08,9.44,53.48,7.64,290.41
47.06,9.48,52.79,7.61,289.99
47.29,9.27,51.82,7.22,284.97
46.35,9.23,52.36,7.28,280.7
43.04,8.85,49.62,6.99,259.8
41.85,8.55,49.62,6.71,251.26
42.72,8.89,49.57,7.29,271.31
43.67,8.85,48.5,7.21,267.9
44.46,8.97,48.87,7.4,285.82
45.8,9.19,49.03,7.75,277.29
46.74,9.14,49.36,8.2,283.26
44.93,9.14,49.36,7.85,276.86
44.69,9.19,49.36,7.81,274.3
45.24,9.65,53.59,8.04,278.99
44.93,9.4,52.52,7.96,264.92
44.93,9.36,52.52,7.93,267.9
44.77,9.44,53.8,8,268.75
46.35,9.7,53.32,8.43,287.95
45.56,9.78,52.3,8.39,283.26
46.27,9.78,53.05,8.47,283.26
46.27,9.78,52.46,8.47,289.23
46.11,9.74,53.11,8.43,284.54
46.43,9.7,54.13,8.55,290.08
48.24,9.83,55.41,8.67,292.22
48.16,9.87,54.02,8.59,295.63
46.51,9.53,53.21,8.08,288.8
47.14,9.61,53.21,8.04,295.2
45.87,9.31,54.66,7.73,290.94
44.69,9.19,53.48,7.59,278.99
44.69,9.31,54.02,7.72,288.38
#N/A,#N/A,#N/A,#N/A,#N/A
#N/A,#N/A,#N/A,#N/A,#N/A
43.83,9.19,54.02,7.58,299.04
44.38,9.27,55.73,7.7,301.6
45.24,9.31,57.88,7.79,302.88
46.19,9.48,57.34,7.78,297.34
46.9,9.57,56.7,7.69,298.62
48.32,9.61,56.91,7.8,301.6
48.48,9.57,54.23,7.77,301.18
#N/A,#N/A,#N/A,#N/A,#N/A
50.05,9.7,54.66,7.96,299.04
50.6,9.74,55.52,8.04,300.75
50.45,10.12,57.13,8.08,296.91
51.47,10.46,55.84,8.16,292.64
51.16,10.34,57.13,8.08,282.41
51.94,10.51,55.73,8.08,276.43
52.02,10.42,56.16,7.96,275.15
52.5,10.25,56.16,7.65,278.99
51.55,10.34,56.59,7.65,281.13
52.34,10.51,56.05,7.64,286.67
52.57,10.59,56.05,7.68,291.79
52.42,10.63,56.7,7.76,276.86
51.94,10.29,55.95,7.7,275.58
51.08,10.12,55.3,7.63,274.3
51,10.12,54.98,7.47,273.02
50.68,10.25,56.38,7.6,272.59
51.63,10.46,57.56,7.68,282.41
52.5,10.55,57.88,7.77,286.67
51.63,10.72,60.02,7.93,288.38
50.53,10.55,56.91,7.62,288.38
49.89,10.34,55.63,7.48,277.29
48.87,10.25,54.55,7.36,275.58
48.4,10.21,53.48,7.21,272.17
48.63,10.17,53.38,7.21,265.34
47.77,10.12,54.55,7.03,265.77
47.29,9.83,54.13,6.94,264.49
48.16,10.38,55.52,7.03,267.9
47.37,10.29,54.34,7,267.05
48.63,10.42,54.55,7.11,273.02
48.16,10.51,54.77,7.07,270.46
48.71,10.55,55.2,7.14,273.02
47.45,10.17,54.34,6.96,273.02
47.53,10.29,53.7,6.83,270.46
48,10.38,54.77,7,273.02
47.14,10.25,54.45,6.93,271.31
46.19,10.08,53.8,6.82,269.61
48.08,10.38,55.52,6.96,274.73
48.08,10.25,54.88,6.89,277.29
48,10.42,54.66,6.82,273.02
47.14,10.25,54.98,6.83,270.89
47.92,10.29,55.09,6.94,273.87
46.51,10.17,54.98,6.82,274.73
45.95,9.87,54.55,6.71,276.43
45.87,9.83,54.77,6.63,268.75
44.77,9.95,54.88,6.5,256.38
44.3,9.95,53.8,6.33,248.28
45.24,9.87,54.02,6.78,240.6
45.24,10.04,54.66,6.87,240.17
46.03,10.34,55.2,6.85,248.28
45.8,10.21,55.3,6.77,241.88
45.87,10.59,56.16,7.44,241.03
46.19,10.51,54.88,7.46,243.16
46.19,10.59,54.66,7.73,246.57
45.72,10.46,53.91,7.77,247.43
46.35,10.55,54.13,7.79,245.72
46.27,10.46,54.98,7.64,240.6
46.11,10.34,56.27,7.69,236.76
46.51,10.29,56.8,7.57,236.76
48.08,10.29,57.02,7.6,235.48
#N/A,#N/A,#N/A,#N/A,#N/A
45.24,10.04,56.7,7.39,232.49
45.32,10,56.48,7.18,226.1
45.32,10,56.27,7.1,214.15
45.4,9.74,56.27,7.09,192.82
44.85,9.7,57.23,7.12,188.13
44.85,9.4,56.8,7.04,189.41
45.17,9.44,57.23,7.44,173.62
45.01,9.4,56.38,7.5,183.86
44.69,9.48,56.59,7.36,186.42
44.69,9.57,55.95,7.07,186.42
44.61,9.48,56.8,7.1,186.85
44.38,9.48,56.48,7.07,197.94
44.06,9.44,55.95,6.83,183.44
43.27,9.44,56.38,6.88,187.28
43.59,9.57,56.38,6.93,187.28
44.46,9.74,56.38,6.93,194.95
43.75,9.95,55.2,6.89,191.97
43.75,9.95,55.52,6.82,190.69
44.3,10.85,55.73,6.84,196.23
45.56,10.93,55.95,6.7,208.6
46.51,10.97,57.13,6.91,215
46.82,11.14,57.13,6.72,206.9
46.35,10.97,56.16,6.56,202.63
#N/A,#N/A,#N/A,#N/A,#N/A
#N/A,#N/A,#N/A,#N/A,#N/A
#N/A,#N/A,#N/A,#N/A,#N/A
#N/A,#N/A,#N/A,#N/A,#N/A
#N/A,#N/A,#N/A,#N/A,#N/A
#N/A,#N/A,#N/A,#N/A,#N/A
#N/A,#N/A,#N/A,#N/A,#N/A
46.74,11.23,58.31,6.45,197.94
47.29,11.19,58.63,6.73,213.72
47.53,11.27,59.27,6.62,210.74
48.48,11.4,59.27,6.75,215
49.03,11.23,57.77,6.63,215.86
48.79,11.23,57.88,6.56,215.43
48.32,11.23,57.45,6.69,210.74
49.19,11.23,58.31,7,213.3
48.87,11.27,58.63,7.11,214.58
50.29,11.36,58.95,7.04,221.83
#N/A,#N/A,#N/A,#N/A,#N/A
51.08,11.4,59.27,7.06,234.63
50.92,11.36,58.73,7.17,237.61
51.94,11.44,57.66,7.18,231.21
52.02,11.4,58.52,7.09,235.05
52.81,11.4,59.16,6.99,232.49
52.97,11.23,57.88,7.26,230.36
52.42,10.97,56.38,7.26,233.35
51.87,11.19,56.48,7.57,229.93
51.87,11.27,56.48,7.57,234.2
51.71,11.4,57.02,7.68,239.75
51.08,11.27,57.13,7.64,235.48
51.79,11.27,57.56,7.85,240.6
51.63,11.31,57.98,7.7,238.47
52.89,11.31,58.2,7.75,251.26
53.05,11.36,58.2,7.77,247
52.81,11.31,58.09,7.61,243.16
52.73,11.23,57.66,7.59,241.88
53.21,11.27,56.8,7.45,234.63
52.57,11.14,57.56,7.46,227.38
52.81,11.14,57.34,7.6,216.28
52.42,10.97,57.34,7.5,214.58
53.28,11.27,57.34,7.61,227.8
53.28,11.31,56.91,7.55,225.24
52.73,11.19,57.02,7.43,220.98
#N/A,#N/A,#N/A,#N/A,#N/A
#N/A,#N/A,#N/A,#N/A,#N/A
52.02,10.85,58.84,7.18,224.39
51.08,10.72,60.13,7.04,217.14
51.71,10.85,60.23,7.58,217.99
51.63,10.72,60.98,7.69,221.4
51.47,10.97,62.16,7.57,219.7
51.47,10.97,62.27,7.7,226.95
51.31,10.93,63.77,7.71,229.93
52.26,10.93,63.45,7.73,225.24
52.26,10.97,63.56,7.79,215
52.02,10.76,61.95,7.67,202.21
50.84,10.72,59.91,7.66,207.33
50.45,10.68,60.34,7.72,203.91
51.23,10.8,58.31,7.73,199.22
50.84,10.8,59.91,7.6,200.5
50.68,10.8,58.73,7.43,201.78
51.23,10.68,57.77,7.47,199.22
50.45,10.21,57.77,7.45,197.94
49.82,10.21,56.38,7.34,193.67
#N/A,#N/A,#N/A,#N/A,#N/A
49.42,9.91,56.48,7.04,187.7
47.77,9.74,55.52,6.81,182.58
47.69,9.61,55.73,6.77,172.34
47.45,9.61,55.95,6.74,182.58
48.48,9.57,57.13,6.88,181.73
48.79,9.57,57.56,6.81,184.29
48.63,9.57,57.23,6.7,179.17
48.4,9.7,57.45,6.83,184.29
46.9,9.61,57.13,6.7,179.6
47.06,9.74,57.34,6.7,183.44
46.82,9.83,57.34,6.68,188.13
46.74,9.83,56.59,6.6,189.83
46.82,9.78,56.27,6.57,187.7
46.66,9.83,56.16,6.68,197.09
47.92,10.04,57.45,7.08,216.28
47.53,10.04,59.59,6.94,212.44
48.16,10.21,59.16,7,205.62
47.85,10.29,59.7,7,206.05
47.92,10.34,59.59,7.04,209.88
48.79,10.38,59.48,6.96,211.16
49.03,10.38,58.84,7.07,211.59
48.87,10.42,60.23,7.28,214.15
48.63,10.42,59.91,7.18,209.03
49.19,10.55,58.09,7.14,212.02
48.63,10.55,58.73,7.25,206.9
49.5,10.59,59.16,7.29,210.74
49.19,10.55,58.95,7.27,210.74
#N/A,#N/A,#N/A,#N/A,#N/A
#N/A,#N/A,#N/A,#N/A,#N/A
47.29,10.38,58.2,7.07,210.74
47.37,10.29,58.84,7.22,214.58
47.53,10.42,58.63,7.24,211.16
46.66,10.21,57.77,7.13,202.63
47.06,10.34,58.09,7.18,203.91
47.61,10.59,58.31,7.34,208.18
47.85,10.42,59.08,7.28,208.18
47.92,10.59,59.08,7.36,211.16
47.61,10.68,59.08,7.36,211.16
47.29,10.21,58.19,7.3,203.91
47.37,10.59,58.19,7.45,200.07
47.29,10.46,57.97,7.57,200.93
48.08,10.68,59.53,8,204.34
48.08,10.72,59.42,8.55,202.63
48.16,10.68,58.75,8.59,203.91
48.48,10.76,59.2,8.74,203.91
48.48,10.72,59.64,8.78,197.51
47.37,10.51,58.53,8.59,188.55
48,10.55,59.2,8.79,187.28
#N/A,#N/A,#N/A,#N/A,#N/A
48.16,11.02,58.86,8.95,187.7
49.11,11.07,59.08,8.79,193.25
49.26,11.12,59.42,9.11,195.81
49.66,11.12,59.31,8.99,195.81
50.45,10.98,59.64,9.07,204.77
51,11.12,59.31,9.48,208.18
51.91,11.07,59.53,9.88,206.9
51.58,10.98,59.08,9.88,203.91
51.75,11.12,59.64,10.28,204.77
51.58,10.94,60.09,10.16,203.49
51.58,10.94,60.42,9.92,200.5
51.5,11.03,59.64,10.04,196.66
51.16,11.16,60.09,10.2,197.94
50.92,10.76,60.09,10.4,191.54
50.17,10.58,60.53,10.44,189.41
51.16,10.58,60.09,10.4,191.97
51.25,10.63,60.98,10.52,191.97
50.25,10.5,60.98,10.52,191.11
50.5,10.58,60.98,10.48,187.28
51.16,10.58,60.98,10.77,186.42
51.33,10.58,60.98,10.97,188.13
51.33,10.63,60.98,10.77,185.57
51.83,10.58,60.98,10.48,182.16
51.91,10.63,60.98,10.24,178.74
51.99,10.67,60.98,10.24,181.73
52.16,10.54,62.49,9.8,186.85
51.5,10.45,62.4,10.04,186.42
51.33,10.45,61.75,9.92,186
51.16,10.36,61.57,9.88,191.97
50.5,10.27,61.47,10.24,189.41
50.5,10.14,62.31,10.24,189.83
50.75,10.18,61.75,10.16,190.26
50.5,10.18,61.75,10,194.1
51.25,10.54,63.32,10.44,195.81
51.41,10.5,63.05,10.36,192.82
51.16,10.32,62.4,10.12,195.38
51,10.32,62.4,10.36,197.09
50.33,10.23,62.21,10.08,194.53
49.92,10.23,61.75,9.76,192.82
50.08,10.32,62.21,9.48,190.69
50.83,10.36,61.75,9.84,195.38
51.33,10.45,62.31,9.88,197.51
51.83,10.54,61.57,9.76,206.47
51.58,10.45,61.2,9.68,214.48
50.58,10.36,59.9,9.48,214.93
50,10.27,58.05,9.07,212.26
49.84,10.23,57.41,9.19,212.7
49.34,10.14,58.24,8.99,224.27
#N/A,#N/A,#N/A,#N/A,#N/A
#N/A,#N/A,#N/A,#N/A,#N/A
50.33,10.27,59.35,9.15,240.29
50.42,10.27,58.79,9.4,234.95
50.67,10.5,59.44,9.6,236.73
51,10.45,60.46,9.4,232.73
51.66,10.45,60.09,9.56,237.62
51.66,10.32,59.26,9.35,229.17
#N/A,#N/A,#N/A,#N/A,#N/A
#N/A,#N/A,#N/A,#N/A,#N/A
51.91,10.36,60.18,9.31,230.5
51.5,10.27,60.18,9.27,226.5
51.08,10.32,60.37,9.8,227.39
51.99,10.32,59.72,9.8,233.17
51.83,10.32,59.72,9.88,228.72
51.99,10.32,59.35,9.92,220.27
52.33,10.23,59.35,9.68,218.04
#N/A,#N/A,#N/A,#N/A,#N/A
52.33,10.36,57.68,9.4,218.93
52.49,10.27,58.24,9.44,222.49
52.41,10.23,57.78,9.52,220.71
52.41,10.36,57.32,9.35,216.71
52.16,10.27,57.32,9.35,217.15
52.83,10.36,57.32,9.48,219.82
53.07,10.41,57.59,9.64,222.05
53.99,10.36,58.42,9.68,222.94
53.66,10.41,60.92,10.04,222.49
53.57,10.36,59.26,10.32,218.93
53.91,10.41,58.98,10.48,223.38
54.24,10.27,58.98,10.56,220.27
54.24,10.23,58.7,10.36,218.93
54.4,10.41,57.59,9.96,218.93
54.57,10.45,58.79,9.68,220.27
53.91,10.45,57.78,9.88,216.71
53.57,10.41,57.22,9.76,203.8
53.16,10.32,56.95,9.64,200.24
53.57,10.32,57.41,9.68,198.02
53.82,10.36,57.59,9.68,204.25
54.4,10.41,57.32,9.88,207.36
53.49,10.23,55.28,9.27,197.13
54.82,10.32,56.39,9.52,202.02
53.74,10.1,54.91,9.23,192.68
53.16,10.05,55.19,9.15,190.01
53.57,10.05,55.1,9.19,190.45
54.15,10.05,54.26,9.19,189.56
54.74,10.1,54.17,9.4,190.01
54.32,10.05,54.26,9.4,195.35
54.07,10.14,54.17,9.48,198.46
54.9,10.14,54.63,9.48,200.69
55.23,10.18,55,9.4,198.46
55.23,10.1,55,9.31,195.35
55.07,10.1,54.82,9.4,197.57
55.65,10.1,55,9.27,207.81
55.4,10.1,55,9.31,212.26
55.73,10.01,55,9.23,206.03
56.9,10.1,54.91,9.23,211.37
57.14,10.05,54.26,9.15,211.37
56.56,9.96,53.06,9.31,207.36
57.39,10.14,53.16,9.27,210.03
57.39,10.1,53.25,9.52,207.81
58.64,10.14,53.71,9.68,208.25
59.55,10.1,53.25,9.6,207.81
